{
  "$schema": "http://json-schema.org/draft-07/schema#",
  "$ref": "#/definitions/StatementSchema",
  "definitions": {
    "StatementSchema": {
      "name": "Custom Advice",
      "description" : "A custom advice type created using the Server SDK.",
      "templateId": 0,
      "templateVersion": 1,
      "properties": {
        "code": {
          "type": "string"
        },
        "description": {
          "type": "string"
        },
        "name": {
          "type": "string"
        },
        "payload": {
          "type": "string"
        },
        "obligatory": {
          "type": "boolean"
        },
        "attributes": {
          "$ref": "#/definitions/Attributes"
        },
        "services": {
          
          "$ref": "#/definitions/Services"
        }
      }
    },
    "Attributes" : {
      "type": "array",
      "items": [
        {
          "$ref": "#/definitions/AttributeId"
        }
      ]
    },
    "Services" : {
      "type": "array",
      "items": [
        {
          "$ref": "#/definitions/ServiceId"
        }
      ]
    },
    "AttributeId": {
      "type": "string"
    },
    "ServiceId": {
      "type": "string"
    }
  }
}
