{
    "$schema": "http://json-schema.org/draft-07/schema#",
    "$ref": "#/definitions/ExcludeAttributes",
    "definitions": {
        "ExcludeAttributes": {
            "name": "Exclude Attributes",
            "description": "Specifies attributes that must be excluded from a JSON response.",
            "templateVersion": 1,
            "properties": {
                "name": {
                    "type": "string"
                },
                "code": {
                    "const": "exclude-attributes"
                },
                "description": {
                    "type": "string",
                    "default": "Policy advice that specifies attributes that must be excluded from a JSON response. The payload for this advice is a JSON array of strings. Each string is interpreted as a JSONPath into the response body of the request being authorized. The portions of the response selected by each JSONPath are removed from the response before it is returned to the client. Each JSONPath can point to multiple attributes in the object; all such attributes will be removed."
                },
                "payload": {
                    "type": "string",
                    "default": "Example: [\"attribute1\", \"attribute2\"]"
                }
            }
        }
    }
}