{
    "$schema": "http://json-schema.org/draft-07/schema#",
    "$ref": "#/definitions/IncludeAttributes",
    "definitions": {
        "IncludeAttributes": {
            "name": "Include Attributes",
            "description": "Limits the attributes that may be returned in a JSON response.",
            "templateVersion": 1,
            "properties": {
                "name": {
                    "type": "string"
                },
                "code": {
                    "const": "include-attributes"
                },
                "description": {
                    "type": "string",
                    "default": "Policy advice that limits the attributes that may be returned in a JSON response. The payload for this advice is a JSON array of strings. Each string is interpreted as a JSONPath into the response body of the request being authorized. Only the portions of the response selected by one of these JSONPaths are included in the response. A single JSONPath may represent multiple attributes; all of them will be included. If multiple instances of Include Attributes Advice are returned from policy, they are combined such that the union of all attributes selected will be included in the response. NOTE: This advice cannot be applied directly to a SCIM search."
                },
                "payload": {
                    "type": "string",
                    "default": "Example: [\"attribute1\", \"attribute2\"]"
                }
            }
        }
    }
}
